fact_id,subject_id,subject,relation,question,true_answer,true_answer_id,answer_type,domain,counter_answer,counter_answer_id,counter_difficulty,counter_rationale,split_group_id,single_answer_certainty,source,source_date,time_sensitive,multi_answer,ambiguous
capital_france,France,France,capital,What is the capital of France?,Paris,Paris,city,geography,Lyon|Marseille,Lyon|Marseille,plausible_same_domain|plausible_same_domain,major city in same country|major city in same country,France,high,manual,2026-04-29,0,0,0
capital_japan,Japan,Japan,capital,What is the capital of Japan?,Tokyo,Tokyo,city,geography,Osaka|Kyoto,Osaka|Kyoto,plausible_same_domain|plausible_same_domain,major city in same country|historical capital in same country,Japan,high,manual,2026-04-29,0,0,0
capital_italy,Italy,Italy,capital,What is the capital of Italy?,Rome,Rome,city,geography,Milan|Florence,Milan|Florence,plausible_same_domain|plausible_same_domain,major city in same country|historical cultural center in same country,Italy,high,manual,2026-04-29,0,0,0
capital_germany,Germany,Germany,capital,What is the capital of Germany?,Berlin,Berlin,city,geography,Munich|Hamburg,Munich|Hamburg,plausible_same_domain|plausible_same_domain,major city in same country|major city in same country,Germany,high,manual,2026-04-29,0,0,0
capital_spain,Spain,Spain,capital,What is the capital of Spain?,Madrid,Madrid,city,geography,Barcelona|Seville,Barcelona|Seville,plausible_same_domain|plausible_same_domain,major city in same country|historical city in same country,Spain,high,manual,2026-04-29,0,0,0
capital_canada,Canada,Canada,capital,What is the capital of Canada?,Ottawa,Ottawa,city,geography,Toronto|Vancouver,Toronto|Vancouver,plausible_same_domain|plausible_same_domain,most populous city in same country|major city in same country,Canada,high,manual,2026-04-29,0,0,0
capital_brazil,Brazil,Brazil,capital,What is the capital of Brazil?,Brasilia,Brasilia,city,geography,Sao Paulo|Rio de Janeiro,Sao_Paulo|Rio_de_Janeiro,plausible_same_domain|plausible_same_domain,most populous city in same country|former capital in same country,Brazil,high,manual,2026-04-29,0,0,0
capital_australia,Australia,Australia,capital,What is the capital of Australia?,Canberra,Canberra,city,geography,Sydney|Melbourne,Sydney|Melbourne,plausible_same_domain|plausible_same_domain,most populous city in same country|major city in same country,Australia,high,manual,2026-04-29,0,0,0
capital_egypt,Egypt,Egypt,capital,What is the capital of Egypt?,Cairo,Cairo,city,geography,Alexandria|Luxor,Alexandria|Luxor,plausible_same_domain|plausible_same_domain,major city in same country|historical city in same country,Egypt,high,manual,2026-04-29,0,0,0
capital_turkey,Turkey,Turkey,capital,What is the capital of Turkey?,Ankara,Ankara,city,geography,Istanbul|Izmir,Istanbul|Izmir,plausible_same_domain|plausible_same_domain,most populous city in same country|major city in same country,Turkey,high,manual,2026-04-29,0,0,0
capital_sweden,Sweden,Sweden,capital,What is the capital of Sweden?,Stockholm,Stockholm,city,geography,Gothenburg|Malmo,Gothenburg|Malmo,plausible_same_domain|plausible_same_domain,major city in same country|major city in same country,Sweden,high,manual,2026-04-29,0,0,0
capital_greece,Greece,Greece,capital,What is the capital of Greece?,Athens,Athens,city,geography,Thessaloniki|Patras,Thessaloniki|Patras,plausible_same_domain|plausible_same_domain,major city in same country|major city in same country,Greece,high,manual,2026-04-29,0,0,0
capital_poland,Poland,Poland,capital,What is the capital of Poland?,Warsaw,Warsaw,city,geography,Krakow|Gdansk,Krakow|Gdansk,plausible_same_domain|plausible_same_domain,historical capital in same country|major city in same country,Poland,high,manual,2026-04-29,0,0,0
capital_mexico,Mexico,Mexico,capital,What is the capital of Mexico?,Mexico City,Mexico_City,city,geography,Guadalajara|Monterrey,Guadalajara|Monterrey,plausible_same_domain|plausible_same_domain,major city in same country|major city in same country,Mexico,high,manual,2026-04-29,0,0,0
capital_portugal,Portugal,Portugal,capital,What is the capital of Portugal?,Lisbon,Lisbon,city,geography,Porto|Sintra,Porto|Sintra,plausible_same_domain|plausible_same_domain,major city in same country|historical royal city in same country,Portugal,high,manual,2026-04-29,0,0,0
capital_thailand,Thailand,Thailand,capital,What is the capital of Thailand?,Bangkok,Bangkok,city,geography,Chiang Mai|Pattaya,Chiang_Mai|Pattaya,plausible_same_domain|plausible_same_domain,major city in same country|major tourist city in same country,Thailand,high,manual,2026-04-29,0,0,0
capital_norway,Norway,Norway,capital,What is the capital of Norway?,Oslo,Oslo,city,geography,Bergen|Stavanger,Bergen|Stavanger,plausible_same_domain|plausible_same_domain,major city in same country|major city in same country,Norway,high,manual,2026-04-29,0,0,0
capital_argentina,Argentina,Argentina,capital,What is the capital of Argentina?,Buenos Aires,Buenos_Aires,city,geography,Cordoba|Rosario,Cordoba|Rosario,plausible_same_domain|plausible_same_domain,major city in same country|major city in same country,Argentina,high,manual,2026-04-29,0,0,0
capital_india,India,India,capital,What is the capital of India?,New Delhi,New_Delhi,city,geography,Mumbai|Bangalore,Mumbai|Bangalore,plausible_same_domain|plausible_same_domain,most populous city in same country|major tech hub in same country,India,high,manual,2026-04-29,0,0,0
capital_south_korea,South_Korea,South Korea,capital,What is the capital of South Korea?,Seoul,Seoul,city,geography,Busan|Incheon,Busan|Incheon,plausible_same_domain|plausible_same_domain,major city in same country|major city in same country,South_Korea,high,manual,2026-04-29,0,0,0
book_author_hamlet,Hamlet,Hamlet,author,Who wrote Hamlet?,William Shakespeare,William_Shakespeare,person,literature,Christopher Marlowe|Ben Jonson,Christopher_Marlowe|Ben_Jonson,plausible_same_domain|plausible_same_domain,playwright from similar era|playwright from similar era,William_Shakespeare,high,manual,2026-04-29,0,0,0
book_author_pride_and_prejudice,Pride_and_Prejudice,Pride and Prejudice,author,Who wrote Pride and Prejudice?,Jane Austen,Jane_Austen,person,literature,Charlotte Bronte|George Eliot,Charlotte_Bronte|George_Eliot,plausible_same_domain|plausible_same_domain,novelist from similar tradition|novelist from similar tradition,Jane_Austen,high,manual,2026-04-29,0,0,0
book_author_moby_dick,Moby_Dick,Moby-Dick,author,Who wrote Moby-Dick?,Herman Melville,Herman_Melville,person,literature,Nathaniel Hawthorne|Edgar Allan Poe,Nathaniel_Hawthorne|Edgar_Allan_Poe,plausible_same_domain|plausible_same_domain,novelist from similar era and tradition|writer from similar era,Herman_Melville,high,manual,2026-04-29,0,0,0
book_author_great_expectations,Great_Expectations,Great Expectations,author,Who wrote Great Expectations?,Charles Dickens,Charles_Dickens,person,literature,William Makepeace Thackeray|George Eliot,William_Thackeray|George_Eliot,plausible_same_domain|plausible_same_domain,novelist from similar Victorian era|novelist from similar tradition,Charles_Dickens,high,manual,2026-04-29,0,0,0
book_author_the_great_gatsby,The_Great_Gatsby,The Great Gatsby,author,Who wrote The Great Gatsby?,F. Scott Fitzgerald,F_Scott_Fitzgerald,person,literature,Ernest Hemingway|John Steinbeck,Ernest_Hemingway|John_Steinbeck,plausible_same_domain|plausible_same_domain,novelist from similar American era|novelist from similar American era,F_Scott_Fitzgerald,high,manual,2026-04-29,0,0,0
book_author_1984,Nineteen_Eighty_Four,1984,author,Who wrote 1984?,George Orwell,George_Orwell,person,literature,Aldous Huxley|Ray Bradbury,Aldous_Huxley|Ray_Bradbury,plausible_same_domain|plausible_same_domain,dystopian novelist|dystopian novelist,George_Orwell,high,manual,2026-04-29,0,0,0
book_author_to_kill_a_mockingbird,To_Kill_a_Mockingbird,To Kill a Mockingbird,author,Who wrote To Kill a Mockingbird?,Harper Lee,Harper_Lee,person,literature,Truman Capote|William Faulkner,Truman_Capote|William_Faulkner,plausible_same_domain|plausible_same_domain,writer from similar Southern tradition|novelist from similar Southern tradition,Harper_Lee,high,manual,2026-04-29,0,0,0
book_author_the_catcher_in_the_rye,The_Catcher_in_the_Rye,The Catcher in the Rye,author,Who wrote The Catcher in the Rye?,J. D. Salinger,J_D_Salinger,person,literature,John Updike|Norman Mailer,John_Updike|Norman_Mailer,plausible_same_domain|plausible_same_domain,American novelist from similar era|American novelist from similar era,J_D_Salinger,high,manual,2026-04-29,0,0,0
book_author_frankenstein,Frankenstein,Frankenstein,author,Who wrote Frankenstein?,Mary Shelley,Mary_Shelley,person,literature,Percy Bysshe Shelley|Lord Byron,Percy_Shelley|Lord_Byron,plausible_same_domain|plausible_same_domain,related Romantic era writer|Romantic era writer from same circle,Mary_Shelley,high,manual,2026-04-29,0,0,0
book_author_the_odyssey,The_Odyssey,The Odyssey,author,Who wrote The Odyssey?,Homer,Homer,person,literature,Virgil|Sophocles,Virgil|Sophocles,plausible_same_domain|plausible_same_domain,ancient epic poet|ancient Greek playwright,Homer,high,manual,2026-04-29,0,0,0
book_author_don_quixote,Don_Quixote,Don Quixote,author,Who wrote Don Quixote?,Miguel de Cervantes,Miguel_de_Cervantes,person,literature,Lope de Vega|Francisco de Quevedo,Lope_de_Vega|Francisco_de_Quevedo,plausible_same_domain|plausible_same_domain,writer from same Spanish Golden Age|poet from same Spanish Golden Age,Miguel_de_Cervantes,high,manual,2026-04-29,0,0,0
book_author_the_trial,The_Trial,The Trial,author,Who wrote The Trial?,Franz Kafka,Franz_Kafka,person,literature,Albert Camus|Hermann Hesse,Albert_Camus|Hermann_Hesse,plausible_same_domain|plausible_same_domain,existential novelist|existential novelist,Franz_Kafka,high,manual,2026-04-29,0,0,0
book_author_one_hundred_years_of_solitude,One_Hundred_Years_of_Solitude,One Hundred Years of Solitude,author,Who wrote One Hundred Years of Solitude?,Gabriel Garcia Marquez,Gabriel_Garcia_Marquez,person,literature,Mario Vargas Llosa|Jorge Luis Borges,Mario_Vargas_Llosa|Jorge_Luis_Borges,plausible_same_domain|plausible_same_domain,Latin American novelist from similar era|Latin American writer from similar tradition,Gabriel_Garcia_Marquez,high,manual,2026-04-29,0,0,0
book_author_crime_and_punishment,Crime_and_Punishment,Crime and Punishment,author,Who wrote Crime and Punishment?,Fyodor Dostoevsky,Fyodor_Dostoevsky,person,literature,Leo Tolstoy|Anton Chekhov,Leo_Tolstoy|Anton_Chekhov,plausible_same_domain|plausible_same_domain,Russian novelist from similar era|Russian writer from similar era,Fyodor_Dostoevsky,high,manual,2026-04-29,0,0,0
book_author_the_brothers_karamazov,The_Brothers_Karamazov,The Brothers Karamazov,author,Who wrote The Brothers Karamazov?,Fyodor Dostoevsky,Fyodor_Dostoevsky,person,literature,Leo Tolstoy|Ivan Turgenev,Leo_Tolstoy|Ivan_Turgenev,plausible_same_domain|plausible_same_domain,Russian novelist from similar era|Russian novelist from similar era,Fyodor_Dostoevsky,high,manual,2026-04-29,0,0,0
book_author_wuthering_heights,Wuthering_Heights,Wuthering Heights,author,Who wrote Wuthering Heights?,Emily Bronte,Emily_Bronte,person,literature,Charlotte Bronte|Jane Austen,Charlotte_Bronte|Jane_Austen,plausible_same_domain|plausible_same_domain,sister novelist from same era|novelist from similar British tradition,Emily_Bronte,high,manual,2026-04-29,0,0,0
book_author_jane_eyre,Jane_Eyre,Jane Eyre,author,Who wrote Jane Eyre?,Charlotte Bronte,Charlotte_Bronte,person,literature,Emily Bronte|George Eliot,Emily_Bronte|George_Eliot,plausible_same_domain|plausible_same_domain,sister novelist from same era|novelist from similar tradition,Charlotte_Bronte,high,manual,2026-04-29,0,0,0
book_author_the_iliad,The_Iliad,The Iliad,author,Who wrote The Iliad?,Homer,Homer,person,literature,Virgil|Hesiod,Virgil|Hesiod,plausible_same_domain|plausible_same_domain,ancient epic poet|ancient Greek poet,Homer,high,manual,2026-04-29,0,0,0
book_author_the_metamorphosis,The_Metamorphosis,The Metamorphosis,author,Who wrote The Metamorphosis?,Franz Kafka,Franz_Kafka,person,literature,Albert Camus|Hermann Hesse,Albert_Camus|Hermann_Hesse,plausible_same_domain|plausible_same_domain,existential novelist|existential novelist,Franz_Kafka,high,manual,2026-04-29,0,0,0
film_director_inception,Inception,Inception,director,Who directed Inception?,Christopher Nolan,Christopher_Nolan,person,film,Denis Villeneuve|Ridley Scott,Denis_Villeneuve|Ridley_Scott,plausible_same_domain|plausible_same_domain,director of similar high concept films|director of similar large scale films,Christopher_Nolan,high,manual,2026-04-29,0,0,0
film_director_spirited_away,Spirited_Away,Spirited Away,director,Who directed Spirited Away?,Hayao Miyazaki,Hayao_Miyazaki,person,film,Mamoru Hosoda|Makoto Shinkai,Mamoru_Hosoda|Makoto_Shinkai,plausible_same_domain|plausible_same_domain,anime director with related audience|anime director with related audience,Hayao_Miyazaki,high,manual,2026-04-29,0,0,0
film_director_pulp_fiction,Pulp_Fiction,Pulp Fiction,director,Who directed Pulp Fiction?,Quentin Tarantino,Quentin_Tarantino,person,film,Martin Scorsese|Guy Ritchie,Martin_Scorsese|Guy_Ritchie,plausible_same_domain|plausible_same_domain,director of gritty crime films|director of similar stylized crime films,Quentin_Tarantino,high,manual,2026-04-29,0,0,0
film_director_the_godfather,The_Godfather,The Godfather,director,Who directed The Godfather?,Francis Ford Coppola,Francis_Ford_Coppola,person,film,Martin Scorsese|Brian De Palma,Martin_Scorsese|Brian_De_Palma,plausible_same_domain|plausible_same_domain,director of similar era crime films|director of similar genre films,Francis_Ford_Coppola,high,manual,2026-04-29,0,0,0
film_director_2001_a_space_odyssey,2001_A_Space_Odyssey,2001: A Space Odyssey,director,Who directed 2001: A Space Odyssey?,Stanley Kubrick,Stanley_Kubrick,person,film,Steven Spielberg|George Lucas,Steven_Spielberg|George_Lucas,plausible_same_domain|plausible_same_domain,director of epic science fiction|director of landmark science fiction,Stanley_Kubrick,high,manual,2026-04-29,0,0,0
film_director_psycho,Psycho,Psycho,director,Who directed Psycho?,Alfred Hitchcock,Alfred_Hitchcock,person,film,Brian De Palma|Roman Polanski,Brian_De_Palma|Roman_Polanski,plausible_same_domain|plausible_same_domain,director of similar thriller genre|director of similar psychological thriller,Alfred_Hitchcock,high,manual,2026-04-29,0,0,0
film_director_blade_runner,Blade_Runner,Blade Runner,director,Who directed Blade Runner?,Ridley Scott,Ridley_Scott,person,film,Denis Villeneuve|James Cameron,Denis_Villeneuve|James_Cameron,plausible_same_domain|plausible_same_domain,director of sequel to same film|director of similar sci-fi action films,Ridley_Scott,high,manual,2026-04-29,0,0,0
film_director_schindlers_list,Schindlers_List,Schindler's List,director,Who directed Schindler's List?,Steven Spielberg,Steven_Spielberg,person,film,Martin Scorsese|Francis Ford Coppola,Martin_Scorsese|Francis_Ford_Coppola,plausible_same_domain|plausible_same_domain,director of major historical dramas|director from same era of prestige films,Steven_Spielberg,high,manual,2026-04-29,0,0,0
film_director_parasite,Parasite,Parasite,director,Who directed Parasite?,Bong Joon-ho,Bong_Joon_ho,person,film,Lee Chang-dong|Park Chan-wook,Lee_Chang_dong|Park_Chan_wook,plausible_same_domain|plausible_same_domain,Korean director of acclaimed films|Korean director of acclaimed thrillers,Bong_Joon_ho,high,manual,2026-04-29,0,0,0
film_director_the_dark_knight,The_Dark_Knight,The Dark Knight,director,Who directed The Dark Knight?,Christopher Nolan,Christopher_Nolan,person,film,Matt Reeves|Zack Snyder,Matt_Reeves|Zack_Snyder,plausible_same_domain|plausible_same_domain,director of Batman films|director of superhero films,Christopher_Nolan,high,manual,2026-04-29,0,0,0
film_director_interstellar,Interstellar,Interstellar,director,Who directed Interstellar?,Christopher Nolan,Christopher_Nolan,person,film,Ridley Scott|Denis Villeneuve,Ridley_Scott|Denis_Villeneuve,plausible_same_domain|plausible_same_domain,director of epic sci-fi|director of cerebral sci-fi,Christopher_Nolan,high,manual,2026-04-29,0,0,0
film_director_et,ET,ET the Extra-Terrestrial,director,Who directed ET the Extra-Terrestrial?,Steven Spielberg,Steven_Spielberg,person,film,George Lucas|John Carpenter,George_Lucas|John_Carpenter,plausible_same_domain|plausible_same_domain,sci-fi filmmaker from same era|sci-fi horror director from same era,Steven_Spielberg,high,manual,2026-04-29,0,0,0
film_director_jaws,Jaws,Jaws,director,Who directed Jaws?,Steven Spielberg,Steven_Spielberg,person,film,George Lucas|John Carpenter,George_Lucas|John_Carpenter,plausible_same_domain|plausible_same_domain,filmmaker from same New Hollywood era|director from same era,Steven_Spielberg,high,manual,2026-04-29,0,0,0
film_director_goodfellas,Goodfellas,Goodfellas,director,Who directed Goodfellas?,Martin Scorsese,Martin_Scorsese,person,film,Brian De Palma|Quentin Tarantino,Brian_De_Palma|Quentin_Tarantino,plausible_same_domain|plausible_same_domain,director of crime films from similar era|director influenced by same genre,Martin_Scorsese,high,manual,2026-04-29,0,0,0
film_director_arrival,Arrival,Arrival,director,Who directed Arrival?,Denis Villeneuve,Denis_Villeneuve,person,film,Christopher Nolan|Ridley Scott,Christopher_Nolan|Ridley_Scott,plausible_same_domain|plausible_same_domain,director of cerebral sci-fi|director of sci-fi epics,Denis_Villeneuve,high,manual,2026-04-29,0,0,0
film_director_dune_2021,Dune_2021,Dune (2021),director,Who directed Dune (2021)?,Denis Villeneuve,Denis_Villeneuve,person,film,Christopher Nolan|James Cameron,Christopher_Nolan|James_Cameron,plausible_same_domain|plausible_same_domain,director of epic sci-fi|director of sci-fi blockbusters,Denis_Villeneuve,high,manual,2026-04-29,0,0,0
film_director_the_shining,The_Shining,The Shining,director,Who directed The Shining?,Stanley Kubrick,Stanley_Kubrick,person,film,John Carpenter|David Lynch,John_Carpenter|David_Lynch,plausible_same_domain|plausible_same_domain,director of horror films|director of surreal horror,Stanley_Kubrick,high,manual,2026-04-29,0,0,0
film_director_taxi_driver,Taxi_Driver,Taxi Driver,director,Who directed Taxi Driver?,Martin Scorsese,Martin_Scorsese,person,film,Brian De Palma|Francis Ford Coppola,Brian_De_Palma|Francis_Ford_Coppola,plausible_same_domain|plausible_same_domain,director of gritty urban films|director of same New Hollywood era,Martin_Scorsese,high,manual,2026-04-29,0,0,0
film_director_the_matrix,The_Matrix,The Matrix,director,Who directed The Matrix?,Lana Wachowski|Lilly Wachowski,Lana_and_Lilly_Wachowski,person,film,Denis Villeneuve|Christopher Nolan,Denis_Villeneuve|Christopher_Nolan,plausible_same_domain|plausible_same_domain,director of cerebral sci-fi|director of high concept sci-fi,Lana_and_Lilly_Wachowski,high,manual,2026-04-29,0,0,0
film_director_amelie,Amelie,Amelie,director,Who directed Amelie?,Jean-Pierre Jeunet,Jean_Pierre_Jeunet,person,film,Luc Besson|Francois Truffaut,Luc_Besson|Francois_Truffaut,plausible_same_domain|plausible_same_domain,well-known French director|French New Wave director,Jean_Pierre_Jeunet,high,manual,2026-04-29,0,0,0
film_director_the_silence_of_the_lambs,The_Silence_of_the_Lambs,The Silence of the Lambs,director,Who directed The Silence of the Lambs?,Jonathan Demme,Jonathan_Demme,person,film,David Fincher|Brian De Palma,David_Fincher|Brian_De_Palma,plausible_same_domain|plausible_same_domain,director of psychological thrillers|director of suspense films,Jonathan_Demme,high,manual,2026-04-29,0,0,0
element_symbol_oxygen,Oxygen,Oxygen,chemical symbol,What is the chemical symbol for Oxygen?,O,O,symbol,science,N|H,Nitrogen|Hydrogen,plausible_same_domain|plausible_same_domain,symbol of nearby common element|symbol of nearby common element,Oxygen__O,high,manual,2026-04-29,0,0,0
element_symbol_sodium,Sodium,Sodium,chemical symbol,What is the chemical symbol for Sodium?,Na,Na,symbol,science,K|Ca,Potassium|Calcium,plausible_same_domain|plausible_same_domain,symbol of chemically related element|symbol of nearby common element,Sodium__Na,high,manual,2026-04-29,0,0,0
element_symbol_hydrogen,Hydrogen,Hydrogen,chemical symbol,What is the chemical symbol for Hydrogen?,H,H,symbol,science,O|C,Oxygen|Carbon,plausible_same_domain|plausible_same_domain,symbol of common essential element|symbol of common essential element,Hydrogen__H,high,manual,2026-04-29,0,0,0
element_symbol_carbon,Carbon,Carbon,chemical symbol,What is the chemical symbol for Carbon?,C,C,symbol,science,N|O,Nitrogen|Oxygen,plausible_same_domain|plausible_same_domain,symbol of adjacent element in periodic table|symbol of essential life element,Carbon__C,high,manual,2026-04-29,0,0,0
element_symbol_nitrogen,Nitrogen,Nitrogen,chemical symbol,What is the chemical symbol for Nitrogen?,N,N,symbol,science,O|C,Oxygen|Carbon,plausible_same_domain|plausible_same_domain,symbol of adjacent element|symbol of essential life element,Nitrogen__N,high,manual,2026-04-29,0,0,0
element_symbol_iron,Iron,Iron,chemical symbol,What is the chemical symbol for Iron?,Fe,Fe,symbol,science,Ir|In,Iridium|Indium,plausible_same_domain|plausible_same_domain,transition metal with similar symbol|transition metal with I initial,Iron__Fe,high,manual,2026-04-29,0,0,0
element_symbol_gold,Gold,Gold,chemical symbol,What is the chemical symbol for Gold?,Au,Au,symbol,science,Ag|Gd,Silver|Gadolinium,plausible_same_domain|plausible_same_domain,noble metal with similar Latin-based symbol|element with G-based symbol,Gold__Au,high,manual,2026-04-29,0,0,0
element_symbol_silver,Silver,Silver,chemical symbol,What is the chemical symbol for Silver?,Ag,Ag,symbol,science,Au|Si,Gold|Silicon,plausible_same_domain|plausible_same_domain,noble metal with similar Latin symbol style|common element symbol,Silver__Ag,high,manual,2026-04-29,0,0,0
element_symbol_copper,Copper,Copper,chemical symbol,What is the chemical symbol for Copper?,Cu,Cu,symbol,science,Co|Ca,Cobalt|Calcium,plausible_same_domain|plausible_same_domain,transition metal with similar symbol|essential element with C-based symbol,Copper__Cu,high,manual,2026-04-29,0,0,0
element_symbol_lead,Lead,Lead,chemical symbol,What is the chemical symbol for Lead?,Pb,Pb,symbol,science,Li|La,Lithium|Lanthanum,plausible_same_domain|plausible_same_domain,element with L initial|element with L-based symbol,Lead__Pb,high,manual,2026-04-29,0,0,0
element_symbol_mercury,Mercury,Mercury,chemical symbol,What is the chemical symbol for Mercury?,Hg,Hg,symbol,science,Me|Hy,Methyl guess|Hydrargyrum guess,plausible_same_domain|plausible_same_domain,common abbreviation style for element|Latin name initial guess,Mercury__Hg,high,manual,2026-04-29,0,0,0
element_symbol_tin,Tin,Tin,chemical symbol,What is the chemical symbol for Tin?,Sn,Sn,symbol,science,Ti|Tn,Titanium|Tin guess,plausible_same_domain|plausible_same_domain,transition metal with T initial|initial-based guess for element,Tin__Sn,high,manual,2026-04-29,0,0,0
element_symbol_potassium,Potassium,Potassium,chemical symbol,What is the chemical symbol for Potassium?,K,K,symbol,science,P|Pt,Phosphorus|Platinum,plausible_same_domain|plausible_same_domain,element with matching initial|transition metal with P-based symbol,Potassium__K,high,manual,2026-04-29,0,0,0
element_symbol_tungsten,Tungsten,Tungsten,chemical symbol,What is the chemical symbol for Tungsten?,W,W,symbol,science,Tu|Tg,Tungsten guess|Tungsten guess,plausible_same_domain|plausible_same_domain,initial-based guess for element|initial-based guess for element,Tungsten__W,high,manual,2026-04-29,0,0,0
element_symbol_calcium,Calcium,Calcium,chemical symbol,What is the chemical symbol for Calcium?,Ca,Ca,symbol,science,C|Cu,Carbon|Copper,plausible_same_domain|plausible_same_domain,common element with C initial|transition metal with Ca-like symbol,Calcium__Ca,high,manual,2026-04-29,0,0,0
element_symbol_phosphorus,Phosphorus,Phosphorus,chemical symbol,What is the chemical symbol for Phosphorus?,P,P,symbol,science,Po|Pt,Polonium|Platinum,plausible_same_domain|plausible_same_domain,element with similar symbol|transition metal symbol,Phosphorus__P,high,manual,2026-04-29,0,0,0
element_symbol_magnesium,Magnesium,Magnesium,chemical symbol,What is the chemical symbol for Magnesium?,Mg,Mg,symbol,science,Mn|Mo,Manganese|Molybdenum,plausible_same_domain|plausible_same_domain,transition metal with M-based symbol|transition metal with M-based symbol,Magnesium__Mg,high,manual,2026-04-29,0,0,0
element_symbol_aluminum,Aluminum,Aluminum,chemical symbol,What is the chemical symbol for Aluminum?,Al,Al,symbol,science,Am|Ar,Americium|Argon,plausible_same_domain|plausible_same_domain,element with Al-similar symbol|noble gas symbol,Aluminum__Al,high,manual,2026-04-29,0,0,0
element_symbol_zinc,Zinc,Zinc,chemical symbol,What is the chemical symbol for Zinc?,Zn,Zn,symbol,science,Zr|Ze,Zirconium|Zirconium guess,plausible_same_domain|plausible_same_domain,transition metal with Z-based symbol|element with Z initial,Zinc__Zn,high,manual,2026-04-29,0,0,0
element_symbol_neon,Neon,Neon,chemical symbol,What is the chemical symbol for Neon?,Ne,Ne,symbol,science,N|No,Nitrogen|Nobelium,plausible_same_domain|plausible_same_domain,element with similar Ne symbol|element with N-based symbol,Neon__Ne,high,manual,2026-04-29,0,0,0
element_symbol_chlorine,Chlorine,Chlorine,chemical symbol,What is the chemical symbol for Chlorine?,Cl,Cl,symbol,science,C|Ca,Carbon|Calcium,plausible_same_domain|plausible_same_domain,essential element with C initial|alkaline earth metal symbol,Chlorine__Cl,high,manual,2026-04-29,0,0,0
element_symbol_helium,Helium,Helium,chemical symbol,What is the chemical symbol for Helium?,He,He,symbol,science,H|Ho,Hydrogen|Holmium,plausible_same_domain|plausible_same_domain,element with similar symbol|element with H-based symbol,Helium__He,high,manual,2026-04-29,0,0,0
element_atomic_number_oxygen,Oxygen_an,Oxygen,atomic number,What is the atomic number of Oxygen?,8,8,number,science,7|16,Nitrogen|Sulfur,plausible_same_domain|plausible_same_domain,adjacent essential element|common element,Oxygen__8,high,manual,2026-04-29,0,0,0
element_atomic_number_sodium,Sodium_an,Sodium,atomic number,What is the atomic number of Sodium?,11,11,number,science,12|19,Magnesium|Potassium,plausible_same_domain|plausible_same_domain,nearby atomic number of common element|chemically related element atomic number,Sodium__11,high,manual,2026-04-29,0,0,0
element_atomic_number_hydrogen,Hydrogen_an,Hydrogen,atomic number,What is the atomic number of Hydrogen?,1,1,number,science,2|6,Helium|Carbon,plausible_same_domain|plausible_same_domain,next lightest element|essential life element,Hydrogen__1,high,manual,2026-04-29,0,0,0
element_atomic_number_carbon,Carbon_an,Carbon,atomic number,What is the atomic number of Carbon?,6,6,number,science,7|8,Nitrogen|Oxygen,plausible_same_domain|plausible_same_domain,adjacent essential element|adjacent essential element,Carbon__6,high,manual,2026-04-29,0,0,0
element_atomic_number_nitrogen,Nitrogen_an,Nitrogen,atomic number,What is the atomic number of Nitrogen?,7,7,number,science,6|8,Carbon|Oxygen,plausible_same_domain|plausible_same_domain,adjacent essential element|adjacent essential element,Nitrogen__7,high,manual,2026-04-29,0,0,0
element_atomic_number_iron,Iron_an,Iron,atomic number,What is the atomic number of Iron?,26,26,number,science,27|25,Cobalt|Manganese,plausible_same_domain|plausible_same_domain,adjacent transition metal|adjacent transition element,Iron__26,high,manual,2026-04-29,0,0,0
element_atomic_number_gold,Gold_an,Gold,atomic number,What is the atomic number of Gold?,79,79,number,science,78|80,Platinum|Mercury,plausible_same_domain|plausible_same_domain,adjacent noble metal|adjacent heavy element,Gold__79,high,manual,2026-04-29,0,0,0
element_atomic_number_silver,Silver_an,Silver,atomic number,What is the atomic number of Silver?,47,47,number,science,46|48,Palladium|Cadmium,plausible_same_domain|plausible_same_domain,adjacent transition metal|adjacent transition element,Silver__47,high,manual,2026-04-29,0,0,0
element_atomic_number_copper,Copper_an,Copper,atomic number,What is the atomic number of Copper?,29,29,number,science,28|30,Nickel|Zinc,plausible_same_domain|plausible_same_domain,adjacent transition metal|adjacent transition element,Copper__29,high,manual,2026-04-29,0,0,0
element_atomic_number_lead,Lead_an,Lead,atomic number,What is the atomic number of Lead?,82,82,number,science,81|83,Thallium|Bismuth,plausible_same_domain|plausible_same_domain,adjacent heavy element|adjacent heavy element,Lead__82,high,manual,2026-04-29,0,0,0
element_atomic_number_mercury,Mercury_an,Mercury,atomic number,What is the atomic number of Mercury?,80,80,number,science,79|81,Gold|Thallium,plausible_same_domain|plausible_same_domain,adjacent noble metal|adjacent heavy element,Mercury__80,high,manual,2026-04-29,0,0,0
element_atomic_number_tin,Tin_an,Tin,atomic number,What is the atomic number of Tin?,50,50,number,science,49|51,Indium|Antimony,plausible_same_domain|plausible_same_domain,adjacent post-transition metal|adjacent post-transition element,Tin__50,high,manual,2026-04-29,0,0,0
element_atomic_number_potassium,Potassium_an,Potassium,atomic number,What is the atomic number of Potassium?,19,19,number,science,18|20,Argon|Calcium,plausible_same_domain|plausible_same_domain,adjacent element|adjacent alkaline earth element,Potassium__19,high,manual,2026-04-29,0,0,0
element_atomic_number_tungsten,Tungsten_an,Tungsten,atomic number,What is the atomic number of Tungsten?,74,74,number,science,73|75,Tantalum|Rhenium,plausible_same_domain|plausible_same_domain,adjacent transition metal|adjacent transition element,Tungsten__74,high,manual,2026-04-29,0,0,0
element_atomic_number_calcium,Calcium_an,Calcium,atomic number,What is the atomic number of Calcium?,20,20,number,science,19|21,Potassium|Scandium,plausible_same_domain|plausible_same_domain,adjacent alkali metal|adjacent transition element,Calcium__20,high,manual,2026-04-29,0,0,0
element_atomic_number_phosphorus,Phosphorus_an,Phosphorus,atomic number,What is the atomic number of Phosphorus?,15,15,number,science,14|16,Silicon|Sulfur,plausible_same_domain|plausible_same_domain,adjacent period 3 element|adjacent essential element,Phosphorus__15,high,manual,2026-04-29,0,0,0
element_atomic_number_magnesium,Magnesium_an,Magnesium,atomic number,What is the atomic number of Magnesium?,12,12,number,science,11|13,Sodium|Aluminum,plausible_same_domain|plausible_same_domain,adjacent period 3 element|adjacent light metal,Magnesium__12,high,manual,2026-04-29,0,0,0
element_atomic_number_aluminum,Aluminum_an,Aluminum,atomic number,What is the atomic number of Aluminum?,13,13,number,science,12|14,Magnesium|Silicon,plausible_same_domain|plausible_same_domain,adjacent light metal|adjacent period 3 element,Aluminum__13,high,manual,2026-04-29,0,0,0
element_atomic_number_zinc,Zinc_an,Zinc,atomic number,What is the atomic number of Zinc?,30,30,number,science,29|31,Copper|Gallium,plausible_same_domain|plausible_same_domain,adjacent transition metal|adjacent post-transition element,Zinc__30,high,manual,2026-04-29,0,0,0
element_atomic_number_neon,Neon_an,Neon,atomic number,What is the atomic number of Neon?,10,10,number,science,9|18,Fluorine|Argon,plausible_same_domain|plausible_same_domain,adjacent light element|adjacent noble gas,Neon__10,high,manual,2026-04-29,0,0,0
element_atomic_number_chlorine,Chlorine_an,Chlorine,atomic number,What is the atomic number of Chlorine?,17,17,number,science,16|18,Sulfur|Argon,plausible_same_domain|plausible_same_domain,adjacent period 3 element|adjacent noble gas,Chlorine__17,high,manual,2026-04-29,0,0,0
element_atomic_number_helium,Helium_an,Helium,atomic number,What is the atomic number of Helium?,2,2,number,science,1|10,Hydrogen|Neon,plausible_same_domain|plausible_same_domain,lightest element|adjacent noble gas,Helium__2,high,manual,2026-04-29,0,0,0
